is_comb;items;pattern_filters;min_support;candidate_size;ja_version;correct;incorrect;empty_candidates;num_of_patterns;total;accuracy_overall;error_rate;avg_len_of_candidates;median_len_of_candidates;modus_len_of_candidates;max_len_of_candidates;min_len_of_candidates;guess_1;guess_2;guess_3;guess_perc_1;guess_perc_2;guess_perc_3
False;JA4+JA4S+SNI;>=len(2);0.01;3;4;3566;1068;0;2705;4634;0.7695295640914976;0.23047043590850239;2.790677600345274;3.0;3;3;1;2545;720;301;0.55;0.16;0.06
True;JA4+JA4S+SNI;>=len(2);0.01;3;4;3729;905;0;2705;4634;0.8047043590850237;0.19529564091497625;1.7136383254208027;1.0;1;3;1;3158;437;134;0.68;0.09;0.03
False;JA4+JA4S+SNI;>=len(2)x10;0.01;3;4;3480;1154;0;689;4634;0.7509710832973673;0.24902891670263272;2.790677600345274;3.0;3;3;1;1815;978;687;0.39;0.21;0.15
True;JA4+JA4S+SNI;>=len(2)x10;0.01;3;4;3718;916;0;689;4634;0.8023305999136815;0.1976694000863185;1.7136383254208027;1.0;1;3;1;3308;302;108;0.71;0.07;0.02
False;JA4+JA4S+SNI;>=len(2)x5;0.01;3;4;3112;1522;0;376;4634;0.6715580492015537;0.3284419507984463;2.790677600345274;3.0;3;3;1;1682;936;494;0.36;0.2;0.11
True;JA4+JA4S+SNI;>=len(2)x5;0.01;3;4;3681;953;0;376;4634;0.7943461372464393;0.20565386275356065;1.7136383254208027;1.0;1;3;1;3275;295;111;0.71;0.06;0.02
False;JA4+JA4S+SNI;len(2);0.01;3;4;3535;1099;0;1911;4634;0.7628398791540786;0.23716012084592145;2.790677600345274;3.0;3;3;1;2532;691;312;0.55;0.15;0.07
True;JA4+JA4S+SNI;len(2);0.01;3;4;3733;901;0;1911;4634;0.8055675442382391;0.1944324557617609;1.7136383254208027;1.0;1;3;1;3154;435;144;0.68;0.09;0.03
False;JA4+JA4S+SNI;len(2)x10;0.01;3;4;3478;1156;0;665;4634;0.7505394907207596;0.2494605092792404;2.790677600345274;3.0;3;3;1;1963;907;608;0.42;0.2;0.13
True;JA4+JA4S+SNI;len(2)x10;0.01;3;4;3730;904;0;665;4634;0.8049201553733276;0.1950798446266724;1.7136383254208027;1.0;1;3;1;3265;341;124;0.7;0.07;0.03
False;JA4+JA4S+SNI;len(2)x5;0.01;3;4;3259;1375;0;362;4634;0.7032801035822184;0.2967198964177816;2.790677600345274;3.0;3;3;1;1788;897;574;0.39;0.19;0.12
True;JA4+JA4S+SNI;len(2)x5;0.01;3;4;3690;944;0;362;4634;0.7962883038411739;0.20371169615882606;1.7136383254208027;1.0;1;3;1;3292;291;107;0.71;0.06;0.02
False;JA4+JA4S+SNI;len(3);0.01;3;4;3625;1009;0;794;4634;0.7822615451014242;0.21773845489857574;2.790677600345274;3.0;3;3;1;2618;680;327;0.56;0.15;0.07
True;JA4+JA4S+SNI;len(3);0.01;3;4;3704;930;0;794;4634;0.7993094518774277;0.20069054812257228;1.7136383254208027;1.0;1;3;1;3173;364;167;0.68;0.08;0.04
False;JA4+JA4S+SNI;len(3)x10;0.01;3;4;3573;1061;0;523;4634;0.7710401381096245;0.22895986189037548;2.790677600345274;3.0;3;3;1;2137;946;490;0.46;0.2;0.11
True;JA4+JA4S+SNI;len(3)x10;0.01;3;4;3693;941;0;523;4634;0.7969356927060854;0.20306430729391453;1.7136383254208027;1.0;1;3;1;3111;410;172;0.67;0.09;0.04
False;JA4+JA4S+SNI;len(3)x5;0.01;3;4;3413;1221;0;313;4634;0.73651273198101;0.2634872680189901;2.790677600345274;3.0;3;3;1;1808;1054;551;0.39;0.23;0.12
True;JA4+JA4S+SNI;len(3)x5;0.01;3;4;3727;907;0;313;4634;0.8042727665084161;0.19572723349158394;1.7136383254208027;1.0;1;3;1;3147;423;157;0.68;0.09;0.03
False;JA4+JA4S+SNI;len(1)x5+len(2)x5;0.01;3;4;3267;1367;0;723;4634;0.7050064738886491;0.2949935261113509;2.790677600345274;3.0;3;3;1;1819;792;656;0.39;0.17;0.14
True;JA4+JA4S+SNI;len(1)x5+len(2)x5;0.01;3;4;3691;943;0;723;4634;0.7965041001294778;0.20349589987052222;1.7136383254208027;1.0;1;3;1;3288;301;102;0.71;0.06;0.02
False;JA4+JA4S+SNI;len(1)x5+len(3)x5;0.01;3;4;3606;1028;0;674;4634;0.7781614156236513;0.22183858437634874;2.790677600345274;3.0;3;3;1;1868;1119;619;0.4;0.24;0.13
True;JA4+JA4S+SNI;len(1)x5+len(3)x5;0.01;3;4;3721;913;0;674;4634;0.802977988778593;0.197022011221407;1.7136383254208027;1.0;1;3;1;3107;452;162;0.67;0.1;0.03
False;JA4+JA4S+SNI;len(2)x5+len(3)x5;0.01;3;4;3636;998;0;675;4634;0.7846353042727665;0.2153646957272335;2.790677600345274;3.0;3;3;1;2027;1041;568;0.44;0.22;0.12
True;JA4+JA4S+SNI;len(2)x5+len(3)x5;0.01;3;4;3703;931;0;675;4634;0.7990936555891238;0.20090634441087613;1.7136383254208027;1.0;1;3;1;3185;409;109;0.69;0.09;0.02
False;JA4+JA4S+SNI;len(1)x5+len(2)x10;0.01;3;4;3475;1159;0;1026;4634;0.7498921018558481;0.2501078981441519;2.790677600345274;3.0;3;3;1;1953;889;633;0.42;0.19;0.14
True;JA4+JA4S+SNI;len(1)x5+len(2)x10;0.01;3;4;3690;944;0;1026;4634;0.7962883038411739;0.20371169615882606;1.7136383254208027;1.0;1;3;1;3274;304;112;0.71;0.07;0.02
False;JA4+JA4S+SNI;len(1)x5+len(3)x10;0.01;3;4;3579;1055;0;884;4634;0.7723349158394476;0.22766508416055245;2.790677600345274;3.0;3;3;1;2075;950;554;0.45;0.21;0.12
True;JA4+JA4S+SNI;len(1)x5+len(3)x10;0.01;3;4;3669;965;0;884;4634;0.7917565817867933;0.20824341821320674;1.7136383254208027;1.0;1;3;1;3136;374;159;0.68;0.08;0.03
False;JA4+JA4S+SNI;len(2)x5+len(3)x10;0.01;3;4;3713;921;0;885;4634;0.8012516184721623;0.19874838152783772;2.790677600345274;3.0;3;3;1;2179;1010;524;0.47;0.22;0.11
True;JA4+JA4S+SNI;len(2)x5+len(3)x10;0.01;3;4;3682;952;0;885;4634;0.7945619335347432;0.2054380664652568;1.7136383254208027;1.0;1;3;1;3191;379;112;0.69;0.08;0.02
False;JA4+JA4S+SNI;len(1)x10+len(2)x5+len(2)x5;0.01;3;4;3571;1063;0;1366;4634;0.7706085455330168;0.22939145446698317;2.790677600345274;3.0;3;3;1;2086;893;592;0.45;0.19;0.13
True;JA4+JA4S+SNI;len(1)x10+len(2)x5+len(2)x5;0.01;3;4;3728;906;0;1366;4634;0.8044885627967199;0.1955114372032801;1.7136383254208027;1.0;1;3;1;3334;303;91;0.72;0.07;0.02
False;JA4+JA4S+SNI;len(1)x5+len(2)x10+len(2)x5;0.01;3;4;3439;1195;0;1388;4634;0.7421234354769098;0.2578765645230902;2.790677600345274;3.0;3;3;1;2014;768;657;0.43;0.17;0.14
True;JA4+JA4S+SNI;len(1)x5+len(2)x10+len(2)x5;0.01;3;4;3694;940;0;1388;4634;0.7971514889943893;0.20284851100561072;1.7136383254208027;1.0;1;3;1;3288;300;106;0.71;0.06;0.02
False;JA4+JA4S+SNI;len(1)x5+len(2)x5+len(2)x10;0.01;3;4;3439;1195;0;1388;4634;0.7421234354769098;0.2578765645230902;2.790677600345274;3.0;3;3;1;2014;768;657;0.43;0.17;0.14
True;JA4+JA4S+SNI;len(1)x5+len(2)x5+len(2)x10;0.01;3;4;3694;940;0;1388;4634;0.7971514889943893;0.20284851100561072;1.7136383254208027;1.0;1;3;1;3288;300;106;0.71;0.06;0.02
False;JA4+JA4S+SNI;>=len(2);0.05;3;4;3609;1025;0;1318;4634;0.7788088044885628;0.2211911955114372;2.790677600345274;3.0;3;3;1;2041;929;639;0.44;0.2;0.14
True;JA4+JA4S+SNI;>=len(2);0.05;3;4;3727;907;0;1318;4634;0.8042727665084161;0.19572723349158394;1.7136383254208027;1.0;1;3;1;3231;392;104;0.7;0.08;0.02
False;JA4+JA4S+SNI;>=len(2)x10;0.05;3;4;3460;1174;0;683;4634;0.7466551575312904;0.25334484246870953;2.790677600345274;3.0;3;3;1;1813;956;691;0.39;0.21;0.15
True;JA4+JA4S+SNI;>=len(2)x10;0.05;3;4;3717;917;0;683;4634;0.8021148036253777;0.19788519637462235;1.7136383254208027;1.0;1;3;1;3306;313;98;0.71;0.07;0.02
False;JA4+JA4S+SNI;>=len(2)x5;0.05;3;4;3159;1475;0;376;4634;0.6817004747518343;0.31829952524816574;2.790677600345274;3.0;3;3;1;1757;861;541;0.38;0.19;0.12
True;JA4+JA4S+SNI;>=len(2)x5;0.05;3;4;3681;953;0;376;4634;0.7943461372464393;0.20565386275356065;1.7136383254208027;1.0;1;3;1;3265;297;119;0.7;0.06;0.03
False;JA4+JA4S+SNI;len(2);0.05;3;4;3576;1058;0;961;4634;0.771687526974536;0.22831247302546395;2.790677600345274;3.0;3;3;1;2024;1033;519;0.44;0.22;0.11
True;JA4+JA4S+SNI;len(2);0.05;3;4;3721;913;0;961;4634;0.802977988778593;0.197022011221407;1.7136383254208027;1.0;1;3;1;3239;393;89;0.7;0.08;0.02
False;JA4+JA4S+SNI;len(2)x10;0.05;3;4;3473;1161;0;640;4634;0.7494605092792404;0.2505394907207596;2.790677600345274;3.0;3;3;1;1908;912;653;0.41;0.2;0.14
True;JA4+JA4S+SNI;len(2)x10;0.05;3;4;3706;928;0;640;4634;0.7997410444540354;0.20025895554596462;1.7136383254208027;1.0;1;3;1;3237;351;118;0.7;0.08;0.03
False;JA4+JA4S+SNI;len(2)x5;0.05;3;4;3230;1404;0;362;4634;0.697022011221407;0.302977988778593;2.790677600345274;3.0;3;3;1;1794;893;543;0.39;0.19;0.12
True;JA4+JA4S+SNI;len(2)x5;0.05;3;4;3687;947;0;362;4634;0.7956409149762624;0.2043590850237376;1.7136383254208027;1.0;1;3;1;3292;288;107;0.71;0.06;0.02
False;JA4+JA4S+SNI;len(3);0.05;3;4;2937;1697;0;357;4634;0.6337936987483815;0.36620630125161846;2.790677600345274;3.0;3;3;1;1786;607;544;0.39;0.13;0.12
True;JA4+JA4S+SNI;len(3);0.05;3;4;3533;1101;0;357;4634;0.7624082865774708;0.23759171342252913;1.7136383254208027;1.0;1;3;1;3029;377;127;0.65;0.08;0.03
False;JA4+JA4S+SNI;len(3)x10;0.05;3;4;2876;1758;0;355;4634;0.6206301251618472;0.37936987483815277;2.790677600345274;3.0;3;3;1;1723;707;446;0.37;0.15;0.1
True;JA4+JA4S+SNI;len(3)x10;0.05;3;4;3534;1100;0;355;4634;0.7626240828657747;0.2373759171342253;1.7136383254208027;1.0;1;3;1;3035;372;127;0.65;0.08;0.03
False;JA4+JA4S+SNI;len(3)x5;0.05;3;4;3024;1610;0;286;4634;0.6525679758308157;0.3474320241691843;2.790677600345274;3.0;3;3;1;1537;957;530;0.33;0.21;0.11
True;JA4+JA4S+SNI;len(3)x5;0.05;3;4;3690;944;0;286;4634;0.7962883038411739;0.20371169615882606;1.7136383254208027;1.0;1;3;1;3090;459;141;0.67;0.1;0.03
False;JA4+JA4S+SNI;len(1)x5+len(2)x5;0.05;3;4;3247;1387;0;722;4634;0.7006905481225723;0.2993094518774277;2.790677600345274;3.0;3;3;1;1819;786;642;0.39;0.17;0.14
True;JA4+JA4S+SNI;len(1)x5+len(2)x5;0.05;3;4;3687;947;0;722;4634;0.7956409149762624;0.2043590850237376;1.7136383254208027;1.0;1;3;1;3286;298;103;0.71;0.06;0.02
False;JA4+JA4S+SNI;len(1)x5+len(3)x5;0.05;3;4;3339;1295;0;646;4634;0.7205438066465257;0.2794561933534743;2.790677600345274;3.0;3;3;1;1804;984;551;0.39;0.21;0.12
True;JA4+JA4S+SNI;len(1)x5+len(3)x5;0.05;3;4;3727;907;0;646;4634;0.8042727665084161;0.19572723349158394;1.7136383254208027;1.0;1;3;1;3197;414;116;0.69;0.09;0.03
False;JA4+JA4S+SNI;len(2)x5+len(3)x5;0.05;3;4;3523;1111;0;648;4634;0.7602503236944325;0.23974967630556754;2.790677600345274;3.0;3;3;1;1887;932;704;0.41;0.2;0.15
True;JA4+JA4S+SNI;len(2)x5+len(3)x5;0.05;3;4;3703;931;0;648;4634;0.7990936555891238;0.20090634441087613;1.7136383254208027;1.0;1;3;1;3207;392;104;0.69;0.08;0.02
False;JA4+JA4S+SNI;len(1)x5+len(2)x10;0.05;3;4;3510;1124;0;1000;4634;0.7574449719464825;0.24255502805351747;2.790677600345274;3.0;3;3;1;1995;880;635;0.43;0.19;0.14
True;JA4+JA4S+SNI;len(1)x5+len(2)x10;0.05;3;4;3686;948;0;1000;4634;0.7954251186879586;0.20457488131204143;1.7136383254208027;1.0;1;3;1;3258;309;119;0.7;0.07;0.03
False;JA4+JA4S+SNI;len(1)x5+len(3)x10;0.05;3;4;3401;1233;0;715;4634;0.7339231765213639;0.26607682347863615;2.790677600345274;3.0;3;3;1;1940;973;488;0.42;0.21;0.11
True;JA4+JA4S+SNI;len(1)x5+len(3)x10;0.05;3;4;3726;908;0;715;4634;0.8040569702201122;0.19594302977988778;1.7136383254208027;1.0;1;3;1;3239;376;111;0.7;0.08;0.02
False;JA4+JA4S+SNI;len(2)x5+len(3)x10;0.05;3;4;3528;1106;0;717;4634;0.7613293051359517;0.23867069486404835;2.790677600345274;3.0;3;3;1;2017;961;550;0.44;0.21;0.12
True;JA4+JA4S+SNI;len(2)x5+len(3)x10;0.05;3;4;3727;907;0;717;4634;0.8042727665084161;0.19572723349158394;1.7136383254208027;1.0;1;3;1;3277;337;113;0.71;0.07;0.02
False;JA4+JA4S+SNI;len(1)x10+len(2)x5+len(2)x5;0.05;3;4;3533;1101;0;1327;4634;0.7624082865774708;0.23759171342252913;2.790677600345274;3.0;3;3;1;2058;805;670;0.44;0.17;0.14
True;JA4+JA4S+SNI;len(1)x10+len(2)x5+len(2)x5;0.05;3;4;3717;917;0;1327;4634;0.8021148036253777;0.19788519637462235;1.7136383254208027;1.0;1;3;1;3307;313;97;0.71;0.07;0.02
False;JA4+JA4S+SNI;len(1)x5+len(2)x10+len(2)x5;0.05;3;4;3463;1171;0;1362;4634;0.747302546396202;0.25269745360379803;2.790677600345274;3.0;3;3;1;2010;809;644;0.43;0.17;0.14
True;JA4+JA4S+SNI;len(1)x5+len(2)x10+len(2)x5;0.05;3;4;3686;948;0;1362;4634;0.7954251186879586;0.20457488131204143;1.7136383254208027;1.0;1;3;1;3272;303;111;0.71;0.07;0.02
False;JA4+JA4S+SNI;len(1)x5+len(2)x5+len(2)x10;0.05;3;4;3463;1171;0;1362;4634;0.747302546396202;0.25269745360379803;2.790677600345274;3.0;3;3;1;2010;809;644;0.43;0.17;0.14
True;JA4+JA4S+SNI;len(1)x5+len(2)x5+len(2)x10;0.05;3;4;3686;948;0;1362;4634;0.7954251186879586;0.20457488131204143;1.7136383254208027;1.0;1;3;1;3272;303;111;0.71;0.07;0.02
False;JA4+JA4S+SNI;>=len(2);0.2;3;4;2810;1824;0;393;4634;0.6063875701337937;0.3936124298662063;2.7904618040569704;3.0;3;3;1;1334;826;650;0.29;0.18;0.14
True;JA4+JA4S+SNI;>=len(2);0.2;3;4;3681;953;0;393;4634;0.7943461372464393;0.20565386275356065;1.7302546396201985;1.0;1;3;1;2983;513;185;0.64;0.11;0.04
False;JA4+JA4S+SNI;>=len(2)x10;0.2;3;4;2816;1818;0;384;4634;0.6076823478636167;0.39231765213638325;2.7904618040569704;3.0;3;3;1;1319;850;647;0.28;0.18;0.14
True;JA4+JA4S+SNI;>=len(2)x10;0.2;3;4;3681;953;0;384;4634;0.7943461372464393;0.20565386275356065;1.7302546396201985;1.0;1;3;1;2997;499;185;0.65;0.11;0.04
False;JA4+JA4S+SNI;>=len(2)x5;0.2;3;4;2858;1776;0;300;4634;0.6167457919723781;0.38325420802762195;2.7904618040569704;3.0;3;3;1;1250;1142;466;0.27;0.25;0.1
True;JA4+JA4S+SNI;>=len(2)x5;0.2;3;4;3681;953;0;300;4634;0.7943461372464393;0.20565386275356065;1.7302546396201985;1.0;1;3;1;3090;403;188;0.67;0.09;0.04
False;JA4+JA4S+SNI;len(2);0.2;3;4;2825;1809;0;302;4634;0.6096245144583513;0.3903754855416487;2.7904618040569704;3.0;3;3;1;1323;877;625;0.29;0.19;0.13
True;JA4+JA4S+SNI;len(2);0.2;3;4;3684;950;0;302;4634;0.7949935261113509;0.20500647388864912;1.7302546396201985;1.0;1;3;1;2983;481;220;0.64;0.1;0.05
False;JA4+JA4S+SNI;len(2)x10;0.2;3;4;2825;1809;0;302;4634;0.6096245144583513;0.3903754855416487;2.7904618040569704;3.0;3;3;1;1323;877;625;0.29;0.19;0.13
True;JA4+JA4S+SNI;len(2)x10;0.2;3;4;3684;950;0;302;4634;0.7949935261113509;0.20500647388864912;1.7302546396201985;1.0;1;3;1;2983;481;220;0.64;0.1;0.05
False;JA4+JA4S+SNI;len(2)x5;0.2;3;4;2822;1812;0;270;4634;0.6089771255934397;0.3910228744065602;2.7904618040569704;3.0;3;3;1;1239;1130;453;0.27;0.24;0.1
True;JA4+JA4S+SNI;len(2)x5;0.2;3;4;3680;954;0;270;4634;0.7941303409581355;0.20586965904186447;1.7302546396201985;1.0;1;3;1;3077;411;192;0.66;0.09;0.04
False;JA4+JA4S+SNI;len(3);0.2;3;4;1704;2930;0;91;4634;0.36771687526974534;0.6322831247302546;2.7050064738886492;3.0;3;3;1;975;310;419;0.21;0.07;0.09
True;JA4+JA4S+SNI;len(3);0.2;3;4;2291;2343;0;91;4634;0.49438929650410013;0.5056107034958999;2.044669831678895;2.0;3;3;1;1889;279;123;0.41;0.06;0.03
False;JA4+JA4S+SNI;len(3)x10;0.2;3;4;1701;2933;0;91;4634;0.36706948640483383;0.6329305135951662;2.7050064738886492;3.0;3;3;1;967;254;480;0.21;0.05;0.1
True;JA4+JA4S+SNI;len(3)x10;0.2;3;4;2293;2341;0;91;4634;0.4948208890807078;0.5051791109192922;2.044669831678895;2.0;3;3;1;1881;286;126;0.41;0.06;0.03
False;JA4+JA4S+SNI;len(3)x5;0.2;3;4;1730;2904;0;91;4634;0.3733275787656452;0.6266724212343547;2.7050064738886492;3.0;3;3;1;975;322;433;0.21;0.07;0.09
True;JA4+JA4S+SNI;len(3)x5;0.2;3;4;2318;2316;0;91;4634;0.5002157962883038;0.4997842037116962;2.044669831678895;2.0;3;3;1;1882;289;147;0.41;0.06;0.03
False;JA4+JA4S+SNI;len(1)x5+len(2)x5;0.2;3;4;2836;1798;0;578;4634;0.6119982736296936;0.38800172637030644;2.790677600345274;3.0;3;3;1;1560;952;324;0.34;0.21;0.07
True;JA4+JA4S+SNI;len(1)x5+len(2)x5;0.2;3;4;3734;900;0;578;4634;0.805783340526543;0.19421665947345707;1.7136383254208027;1.0;1;3;1;3262;297;175;0.7;0.06;0.04
False;JA4+JA4S+SNI;len(1)x5+len(3)x5;0.2;3;4;2866;1768;0;399;4634;0.6184721622788089;0.3815278377211912;2.790677600345274;3.0;3;3;1;1557;692;617;0.34;0.15;0.13
True;JA4+JA4S+SNI;len(1)x5+len(3)x5;0.2;3;4;3733;901;0;399;4634;0.8055675442382391;0.1944324557617609;1.7136383254208027;1.0;1;3;1;3151;410;172;0.68;0.09;0.04
False;JA4+JA4S+SNI;len(2)x5+len(3)x5;0.2;3;4;2858;1776;0;361;4634;0.6167457919723781;0.38325420802762195;2.7904618040569704;3.0;3;3;1;1302;855;701;0.28;0.18;0.15
True;JA4+JA4S+SNI;len(2)x5+len(3)x5;0.2;3;4;3682;952;0;361;4634;0.7945619335347432;0.2054380664652568;1.7302546396201985;1.0;1;3;1;2990;511;181;0.65;0.11;0.04
False;JA4+JA4S+SNI;len(1)x5+len(2)x10;0.2;3;4;2862;1772;0;610;4634;0.6176089771255935;0.38239102287440657;2.790677600345274;3.0;3;3;1;1631;710;521;0.35;0.15;0.11
True;JA4+JA4S+SNI;len(1)x5+len(2)x10;0.2;3;4;3739;895;0;610;4634;0.8068623219680622;0.19313767803193785;1.7136383254208027;1.0;1;3;1;3190;343;206;0.69;0.07;0.04
False;JA4+JA4S+SNI;len(1)x5+len(3)x10;0.2;3;4;2866;1768;0;399;4634;0.6184721622788089;0.3815278377211912;2.790677600345274;3.0;3;3;1;1557;692;617;0.34;0.15;0.13
True;JA4+JA4S+SNI;len(1)x5+len(3)x10;0.2;3;4;3733;901;0;399;4634;0.8055675442382391;0.1944324557617609;1.7136383254208027;1.0;1;3;1;3151;410;172;0.68;0.09;0.04
False;JA4+JA4S+SNI;len(2)x5+len(3)x10;0.2;3;4;2861;1773;0;361;4634;0.6173931808372896;0.3826068191627104;2.7904618040569704;3.0;3;3;1;1301;856;704;0.28;0.18;0.15
True;JA4+JA4S+SNI;len(2)x5+len(3)x10;0.2;3;4;3682;952;0;361;4634;0.7945619335347432;0.2054380664652568;1.7302546396201985;1.0;1;3;1;2989;512;181;0.65;0.11;0.04
False;JA4+JA4S+SNI;len(1)x10+len(2)x5+len(2)x5;0.2;3;4;2884;1750;0;870;4634;0.622356495468278;0.3776435045317221;2.790677600345274;3.0;3;3;1;1559;977;348;0.34;0.21;0.08
True;JA4+JA4S+SNI;len(1)x10+len(2)x5+len(2)x5;0.2;3;4;3731;903;0;870;4634;0.8051359516616314;0.19486404833836857;1.7136383254208027;1.0;1;3;1;3249;311;171;0.7;0.07;0.04
False;JA4+JA4S+SNI;len(1)x5+len(2)x10+len(2)x5;0.2;3;4;2891;1743;0;880;4634;0.6238670694864048;0.37613293051359514;2.790677600345274;3.0;3;3;1;1642;735;514;0.35;0.16;0.11
True;JA4+JA4S+SNI;len(1)x5+len(2)x10+len(2)x5;0.2;3;4;3737;897;0;880;4634;0.8064307293914544;0.19356927060854554;1.7136383254208027;1.0;1;3;1;3222;322;193;0.7;0.07;0.04
False;JA4+JA4S+SNI;len(1)x5+len(2)x5+len(2)x10;0.2;3;4;2891;1743;0;880;4634;0.6238670694864048;0.37613293051359514;2.790677600345274;3.0;3;3;1;1642;735;514;0.35;0.16;0.11
True;JA4+JA4S+SNI;len(1)x5+len(2)x5+len(2)x10;0.2;3;4;3737;897;0;880;4634;0.8064307293914544;0.19356927060854554;1.7136383254208027;1.0;1;3;1;3222;322;193;0.7;0.07;0.04
False;JA4+JA4S+SNI;>=len(2);0.25;3;4;2261;2373;0;277;4634;0.4879154078549849;0.5120845921450151;2.767587397496763;3.0;3;3;1;1163;656;442;0.25;0.14;0.1
True;JA4+JA4S+SNI;>=len(2);0.25;3;4;3512;1122;0;277;4634;0.7578765645230902;0.2421234354769098;1.7593871385412172;1.0;1;3;1;2905;359;248;0.63;0.08;0.05
False;JA4+JA4S+SNI;>=len(2)x10;0.25;3;4;2240;2394;0;277;4634;0.48338368580060426;0.5166163141993958;2.767587397496763;3.0;3;3;1;1163;660;417;0.25;0.14;0.09
True;JA4+JA4S+SNI;>=len(2)x10;0.25;3;4;3512;1122;0;277;4634;0.7578765645230902;0.2421234354769098;1.7593871385412172;1.0;1;3;1;2905;359;248;0.63;0.08;0.05
False;JA4+JA4S+SNI;>=len(2)x5;0.25;3;4;2237;2397;0;244;4634;0.4827362969356927;0.5172637030643072;2.767587397496763;3.0;3;3;1;1144;707;386;0.25;0.15;0.08
True;JA4+JA4S+SNI;>=len(2)x5;0.25;3;4;3510;1124;0;244;4634;0.7574449719464825;0.24255502805351747;1.7593871385412172;1.0;1;3;1;2909;352;249;0.63;0.08;0.05
False;JA4+JA4S+SNI;len(2);0.25;3;4;2262;2372;0;218;4634;0.48813120414328875;0.5118687958567113;2.767587397496763;3.0;3;3;1;1153;671;438;0.25;0.14;0.09
True;JA4+JA4S+SNI;len(2);0.25;3;4;3511;1123;0;218;4634;0.7576607682347863;0.24233923176521363;1.7593871385412172;1.0;1;3;1;2882;324;305;0.62;0.07;0.07
False;JA4+JA4S+SNI;len(2)x10;0.25;3;4;2262;2372;0;218;4634;0.48813120414328875;0.5118687958567113;2.767587397496763;3.0;3;3;1;1153;672;437;0.25;0.15;0.09
True;JA4+JA4S+SNI;len(2)x10;0.25;3;4;3511;1123;0;218;4634;0.7576607682347863;0.24233923176521363;1.7593871385412172;1.0;1;3;1;2882;324;305;0.62;0.07;0.07
False;JA4+JA4S+SNI;len(2)x5;0.25;3;4;2210;2424;0;209;4634;0.476909797151489;0.523090202848511;2.767587397496763;3.0;3;3;1;1113;723;374;0.24;0.16;0.08
True;JA4+JA4S+SNI;len(2)x5;0.25;3;4;3499;1135;0;209;4634;0.7550712127751402;0.24492878722485972;1.7593871385412172;1.0;1;3;1;2873;334;292;0.62;0.07;0.06
False;JA4+JA4S+SNI;len(3);0.25;3;4;1070;3564;0;59;4634;0.23090202848511004;0.7690979715148899;2.636167457919724;3.0;3;3;1;657;201;212;0.14;0.04;0.05
True;JA4+JA4S+SNI;len(3);0.25;3;4;1391;3243;0;59;4634;0.30017263703064306;0.6998273629693569;2.288088044885628;3.0;3;3;1;1158;177;56;0.25;0.04;0.01
False;JA4+JA4S+SNI;len(3)x10;0.25;3;4;1123;3511;0;59;4634;0.24233923176521363;0.7576607682347863;2.636167457919724;3.0;3;3;1;744;268;111;0.16;0.06;0.02
True;JA4+JA4S+SNI;len(3)x10;0.25;3;4;1434;3200;0;59;4634;0.30945187742770824;0.6905481225722918;2.288088044885628;3.0;3;3;1;1240;132;62;0.27;0.03;0.01
False;JA4+JA4S+SNI;len(3)x5;0.25;3;4;1117;3517;0;59;4634;0.2410444540353906;0.7589555459646095;2.636167457919724;3.0;3;3;1;689;234;194;0.15;0.05;0.04
True;JA4+JA4S+SNI;len(3)x5;0.25;3;4;1417;3217;0;59;4634;0.30578334052654293;0.694216659473457;2.288088044885628;3.0;3;3;1;1159;194;64;0.25;0.04;0.01
False;JA4+JA4S+SNI;len(1)x5+len(2)x5;0.25;3;4;2514;2120;0;478;4634;0.5425118687958567;0.4574881312041433;2.790677600345274;3.0;3;3;1;1216;981;317;0.26;0.21;0.07
True;JA4+JA4S+SNI;len(1)x5+len(2)x5;0.25;3;4;3722;912;0;478;4634;0.8031937850668969;0.19680621493310316;1.7136383254208027;1.0;1;3;1;3057;383;282;0.66;0.08;0.06
False;JA4+JA4S+SNI;len(1)x5+len(3)x5;0.25;3;4;2705;1929;0;328;4634;0.5837289598618903;0.4162710401381096;2.790677600345274;3.0;3;3;1;1378;992;335;0.3;0.21;0.07
True;JA4+JA4S+SNI;len(1)x5+len(3)x5;0.25;3;4;3737;897;0;328;4634;0.8064307293914544;0.19356927060854554;1.7136383254208027;1.0;1;3;1;3229;345;163;0.7;0.07;0.04
False;JA4+JA4S+SNI;len(2)x5+len(3)x5;0.25;3;4;2219;2415;0;268;4634;0.4788519637462236;0.5211480362537765;2.767587397496763;3.0;3;3;1;1161;662;396;0.25;0.14;0.09
True;JA4+JA4S+SNI;len(2)x5+len(3)x5;0.25;3;4;3513;1121;0;268;4634;0.7580923608113941;0.24190763918860594;1.7593871385412172;1.0;1;3;1;2903;357;253;0.63;0.08;0.05
False;JA4+JA4S+SNI;len(1)x5+len(2)x10;0.25;3;4;2539;2095;0;487;4634;0.5479067760034527;0.4520932239965473;2.790677600345274;3.0;3;3;1;1220;942;377;0.26;0.2;0.08
True;JA4+JA4S+SNI;len(1)x5+len(2)x10;0.25;3;4;3726;908;0;487;4634;0.8040569702201122;0.19594302977988778;1.7136383254208027;1.0;1;3;1;3059;381;286;0.66;0.08;0.06
False;JA4+JA4S+SNI;len(1)x5+len(3)x10;0.25;3;4;2693;1941;0;328;4634;0.5811394044022443;0.41886059559775574;2.790677600345274;3.0;3;3;1;1378;995;320;0.3;0.21;0.07
True;JA4+JA4S+SNI;len(1)x5+len(3)x10;0.25;3;4;3737;897;0;328;4634;0.8064307293914544;0.19356927060854554;1.7136383254208027;1.0;1;3;1;3229;345;163;0.7;0.07;0.04
False;JA4+JA4S+SNI;len(2)x5+len(3)x10;0.25;3;4;2243;2391;0;268;4634;0.48403107466551576;0.5159689253344842;2.767587397496763;3.0;3;3;1;1158;661;424;0.25;0.14;0.09
True;JA4+JA4S+SNI;len(2)x5+len(3)x10;0.25;3;4;3513;1121;0;268;4634;0.7580923608113941;0.24190763918860594;1.7593871385412172;1.0;1;3;1;2903;357;253;0.63;0.08;0.05
False;JA4+JA4S+SNI;len(1)x10+len(2)x5+len(2)x5;0.25;3;4;2493;2141;0;695;4634;0.5379801467414761;0.46201985325852396;2.790677600345274;3.0;3;3;1;1222;941;330;0.26;0.2;0.07
True;JA4+JA4S+SNI;len(1)x10+len(2)x5+len(2)x5;0.25;3;4;3711;923;0;695;4634;0.8008200258955546;0.1991799741044454;1.7136383254208027;1.0;1;3;1;3063;376;272;0.66;0.08;0.06
False;JA4+JA4S+SNI;len(1)x5+len(2)x10+len(2)x5;0.25;3;4;2489;2145;0;696;4634;0.5371169615882607;0.46288303841173933;2.790677600345274;3.0;3;3;1;1232;902;355;0.27;0.19;0.08
True;JA4+JA4S+SNI;len(1)x5+len(2)x10+len(2)x5;0.25;3;4;3710;924;0;696;4634;0.8006042296072508;0.19939577039274925;1.7136383254208027;1.0;1;3;1;3063;375;272;0.66;0.08;0.06
False;JA4+JA4S+SNI;len(1)x5+len(2)x5+len(2)x10;0.25;3;4;2468;2166;0;696;4634;0.53258523953388;0.46741476046611996;2.790677600345274;3.0;3;3;1;1232;905;331;0.27;0.2;0.07
True;JA4+JA4S+SNI;len(1)x5+len(2)x5+len(2)x10;0.25;3;4;3710;924;0;696;4634;0.8006042296072508;0.19939577039274925;1.7136383254208027;1.0;1;3;1;3063;375;272;0.66;0.08;0.06
False;JA4+JA4S+SNI;len(1)x2;0.01;3;4;2742;1892;0;156;4634;0.5917134225291325;0.4082865774708675;2.790677600345274;3.0;3;3;1;1465;896;381;0.32;0.19;0.08
True;JA4+JA4S+SNI;len(1)x2;0.01;3;4;3724;910;0;156;4634;0.8036253776435045;0.19637462235649547;1.7136383254208027;1.0;1;3;1;3141;398;185;0.68;0.09;0.04
False;JA4+JA4S+SNI;len(3)x2;0.01;3;4;2749;1885;0;142;4634;0.5932239965472594;0.4067760034527406;2.790677600345274;3.0;3;3;1;1548;647;554;0.33;0.14;0.12
True;JA4+JA4S+SNI;len(3)x2;0.01;3;4;3671;963;0;142;4634;0.7921881743634009;0.20781182563659906;1.7136383254208027;1.0;1;3;1;3143;324;204;0.68;0.07;0.04
False;JA4+JA4S+SNI;len(2)x2;0.01;3;4;2961;1673;0;156;4634;0.6389728096676737;0.3610271903323263;2.790677600345274;3.0;3;3;1;1781;815;365;0.38;0.18;0.08
True;JA4+JA4S+SNI;len(2)x2;0.01;3;4;3620;1014;0;156;4634;0.781182563659905;0.21881743634009496;1.7136383254208027;1.0;1;3;1;3261;210;149;0.7;0.05;0.03
False;JA4+JA4S+SNI;len(1)x2+len(2)x2;0.01;3;4;2968;1666;0;312;4634;0.6404833836858006;0.3595166163141994;2.790677600345274;3.0;3;3;1;1832;684;452;0.4;0.15;0.1
True;JA4+JA4S+SNI;len(1)x2+len(2)x2;0.01;3;4;3664;970;0;312;4634;0.790677600345274;0.20932239965472593;1.7136383254208027;1.0;1;3;1;3268;211;185;0.71;0.05;0.04
False;JA4+JA4S+SNI;len(1)x2+len(3)x2;0.01;3;4;2924;1710;0;298;4634;0.6309883470004316;0.3690116529995684;2.790677600345274;3.0;3;3;1;1682;911;331;0.36;0.2;0.07
True;JA4+JA4S+SNI;len(1)x2+len(3)x2;0.01;3;4;3739;895;0;298;4634;0.8068623219680622;0.19313767803193785;1.7136383254208027;1.0;1;3;1;3129;421;189;0.68;0.09;0.04
False;JA4+JA4S+SNI;len(2)x2+len(3)x2;0.01;3;4;3027;1607;0;298;4634;0.6532153646957273;0.3467846353042728;2.790677600345274;3.0;3;3;1;1900;801;326;0.41;0.17;0.07
True;JA4+JA4S+SNI;len(2)x2+len(3)x2;0.01;3;4;3620;1014;0;298;4634;0.781182563659905;0.21881743634009496;1.7136383254208027;1.0;1;3;1;3278;214;128;0.71;0.05;0.03
False;JA4+JA4S+SNI;len(1)x2+len(2)x2+len(3)x2;0.01;3;4;3047;1587;0;454;4634;0.657531290461804;0.34246870953819597;2.790677600345274;3.0;3;3;1;1946;697;404;0.42;0.15;0.09
True;JA4+JA4S+SNI;len(1)x2+len(2)x2+len(3)x2;0.01;3;4;3661;973;0;454;4634;0.7900302114803626;0.20996978851963746;1.7136383254208027;1.0;1;3;1;3269;220;172;0.71;0.05;0.04
False;JA4+JA4S+SNI;len(1)x2;0.05;3;4;2737;1897;0;156;4634;0.5906344410876133;0.4093655589123867;2.790677600345274;3.0;3;3;1;1467;893;377;0.32;0.19;0.08
True;JA4+JA4S+SNI;len(1)x2;0.05;3;4;3723;911;0;156;4634;0.8034095813552007;0.19659041864479931;1.7136383254208027;1.0;1;3;1;3142;397;184;0.68;0.09;0.04
False;JA4+JA4S+SNI;len(3)x2;0.05;3;4;2844;1790;0;142;4634;0.6137246439361242;0.3862753560638757;2.790677600345274;3.0;3;3;1;1589;599;656;0.34;0.13;0.14
True;JA4+JA4S+SNI;len(3)x2;0.05;3;4;3677;957;0;142;4634;0.793482952093224;0.206517047906776;1.7136383254208027;1.0;1;3;1;3115;345;217;0.67;0.07;0.05
False;JA4+JA4S+SNI;len(2)x2;0.05;3;4;2900;1734;0;156;4634;0.6258092360811394;0.3741907639188606;2.790677600345274;3.0;3;3;1;1862;731;307;0.4;0.16;0.07
True;JA4+JA4S+SNI;len(2)x2;0.05;3;4;3695;939;0;156;4634;0.7973672852826932;0.20263271471730687;1.7136383254208027;1.0;1;3;1;3267;244;184;0.71;0.05;0.04
False;JA4+JA4S+SNI;len(1)x2+len(2)x2;0.05;3;4;2986;1648;0;312;4634;0.6443677168752697;0.3556322831247303;2.790677600345274;3.0;3;3;1;1849;727;410;0.4;0.16;0.09
True;JA4+JA4S+SNI;len(1)x2+len(2)x2;0.05;3;4;3730;904;0;312;4634;0.8049201553733276;0.1950798446266724;1.7136383254208027;1.0;1;3;1;3262;243;225;0.7;0.05;0.05
False;JA4+JA4S+SNI;len(1)x2+len(3)x2;0.05;3;4;2987;1647;0;298;4634;0.6445835131635735;0.3554164868364264;2.790677600345274;3.0;3;3;1;1738;910;339;0.38;0.2;0.07
True;JA4+JA4S+SNI;len(1)x2+len(3)x2;0.05;3;4;3739;895;0;298;4634;0.8068623219680622;0.19313767803193785;1.7136383254208027;1.0;1;3;1;3129;421;189;0.68;0.09;0.04
False;JA4+JA4S+SNI;len(2)x2+len(3)x2;0.05;3;4;3043;1591;0;298;4634;0.6566681053085887;0.3433318946914113;2.790677600345274;3.0;3;3;1;2031;692;320;0.44;0.15;0.07
True;JA4+JA4S+SNI;len(2)x2+len(3)x2;0.05;3;4;3688;946;0;298;4634;0.7958567112645663;0.20414328873543375;1.7136383254208027;1.0;1;3;1;3272;254;162;0.71;0.05;0.03
False;JA4+JA4S+SNI;len(1)x2+len(2)x2+len(3)x2;0.05;3;4;3091;1543;0;454;4634;0.667026327147173;0.3329736728528269;2.790677600345274;3.0;3;3;1;2015;678;398;0.43;0.15;0.09
True;JA4+JA4S+SNI;len(1)x2+len(2)x2+len(3)x2;0.05;3;4;3726;908;0;454;4634;0.8040569702201122;0.19594302977988778;1.7136383254208027;1.0;1;3;1;3260;256;210;0.7;0.06;0.05
False;JA4+JA4S+SNI;len(1)x2;0.2;3;4;2737;1897;0;156;4634;0.5906344410876133;0.4093655589123867;2.790677600345274;3.0;3;3;1;1467;893;377;0.32;0.19;0.08
True;JA4+JA4S+SNI;len(1)x2;0.2;3;4;3715;919;0;156;4634;0.8016832110487699;0.19831678895123003;1.7136383254208027;1.0;1;3;1;3141;398;176;0.68;0.09;0.04
False;JA4+JA4S+SNI;len(3)x2;0.2;3;4;1678;2956;0;83;4634;0.36210617177384546;0.6378938282261545;2.7050064738886492;3.0;3;3;1;946;280;452;0.2;0.06;0.1
True;JA4+JA4S+SNI;len(3)x2;0.2;3;4;2305;2329;0;83;4634;0.4974104445403539;0.5025895554596461;2.044669831678895;2.0;3;3;1;1914;275;116;0.41;0.06;0.03
False;JA4+JA4S+SNI;len(2)x2;0.2;3;4;2956;1678;0;144;4634;0.6378938282261545;0.36210617177384546;2.7904618040569704;3.0;3;3;1;1894;608;454;0.41;0.13;0.1
True;JA4+JA4S+SNI;len(2)x2;0.2;3;4;3613;1021;0;144;4634;0.7796719896417782;0.22032801035822183;1.7302546396201985;1.0;1;3;1;3230;235;148;0.7;0.05;0.03
False;JA4+JA4S+SNI;len(1)x2+len(2)x2;0.2;3;4;3020;1614;0;300;4634;0.6517047906776003;0.34829520932239966;2.790677600345274;3.0;3;3;1;1837;609;574;0.4;0.13;0.12
True;JA4+JA4S+SNI;len(1)x2+len(2)x2;0.2;3;4;3665;969;0;300;4634;0.7908933966335779;0.2091066033664221;1.7136383254208027;1.0;1;3;1;3268;226;171;0.71;0.05;0.04
False;JA4+JA4S+SNI;len(1)x2+len(3)x2;0.2;3;4;2808;1826;0;239;4634;0.605955977557186;0.394044022442814;2.790677600345274;3.0;3;3;1;1357;1086;365;0.29;0.23;0.08
True;JA4+JA4S+SNI;len(1)x2+len(3)x2;0.2;3;4;3718;916;0;239;4634;0.8023305999136815;0.1976694000863185;1.7136383254208027;1.0;1;3;1;3026;480;212;0.65;0.1;0.05
False;JA4+JA4S+SNI;len(2)x2+len(3)x2;0.2;3;4;2921;1713;0;227;4634;0.63034095813552;0.36965904186447995;2.7904618040569704;3.0;3;3;1;1749;744;428;0.38;0.16;0.09
True;JA4+JA4S+SNI;len(2)x2+len(3)x2;0.2;3;4;3687;947;0;227;4634;0.7956409149762624;0.2043590850237376;1.7302546396201985;1.0;1;3;1;3249;259;179;0.7;0.06;0.04
False;JA4+JA4S+SNI;len(1)x2+len(2)x2+len(3)x2;0.2;3;4;2984;1650;0;383;4634;0.6439361242986621;0.35606387570133796;2.790677600345274;3.0;3;3;1;1840;661;483;0.4;0.14;0.1
True;JA4+JA4S+SNI;len(1)x2+len(2)x2+len(3)x2;0.2;3;4;3717;917;0;383;4634;0.8021148036253777;0.19788519637462235;1.7136383254208027;1.0;1;3;1;3246;253;218;0.7;0.05;0.05
False;JA4+JA4S+SNI;len(1)x2;0.25;3;4;2742;1892;0;155;4634;0.5917134225291325;0.4082865774708675;2.790677600345274;3.0;3;3;1;1466;900;376;0.32;0.19;0.08
True;JA4+JA4S+SNI;len(1)x2;0.25;3;4;3716;918;0;155;4634;0.8018990073370738;0.1981009926629262;1.7136383254208027;1.0;1;3;1;3141;401;174;0.68;0.09;0.04
False;JA4+JA4S+SNI;len(3)x2;0.25;3;4;1082;3552;0;58;4634;0.23349158394475614;0.7665084160552439;2.636167457919724;3.0;3;3;1;718;231;133;0.15;0.05;0.03
True;JA4+JA4S+SNI;len(3)x2;0.25;3;4;1417;3217;0;58;4634;0.30578334052654293;0.694216659473457;2.288088044885628;3.0;3;3;1;1160;187;70;0.25;0.04;0.02
False;JA4+JA4S+SNI;len(2)x2;0.25;3;4;2528;2106;0;128;4634;0.5455330168321105;0.4544669831678895;2.767587397496763;3.0;3;3;1;1471;842;215;0.32;0.18;0.05
True;JA4+JA4S+SNI;len(2)x2;0.25;3;4;3582;1052;0;128;4634;0.7729823047043591;0.22701769529564092;1.7593871385412172;1.0;1;3;1;2960;372;250;0.64;0.08;0.05
False;JA4+JA4S+SNI;len(1)x2+len(2)x2;0.25;3;4;2769;1865;0;283;4634;0.5975399223133362;0.4024600776866638;2.790677600345274;3.0;3;3;1;1494;839;436;0.32;0.18;0.09
True;JA4+JA4S+SNI;len(1)x2+len(2)x2;0.25;3;4;3728;906;0;283;4634;0.8044885627967199;0.1955114372032801;1.7136383254208027;1.0;1;3;1;3093;370;265;0.67;0.08;0.06
False;JA4+JA4S+SNI;len(1)x2+len(3)x2;0.25;3;4;2688;1946;0;213;4634;0.5800604229607251;0.4199395770392749;2.790677600345274;3.0;3;3;1;1401;1024;263;0.3;0.22;0.06
True;JA4+JA4S+SNI;len(1)x2+len(3)x2;0.25;3;4;3732;902;0;213;4634;0.8053517479499352;0.19464825205006475;1.7136383254208027;1.0;1;3;1;3033;516;183;0.65;0.11;0.04
False;JA4+JA4S+SNI;len(2)x2+len(3)x2;0.25;3;4;2504;2130;0;186;4634;0.5403539059128183;0.4596460940871817;2.767587397496763;3.0;3;3;1;1431;675;398;0.31;0.15;0.09
True;JA4+JA4S+SNI;len(2)x2+len(3)x2;0.25;3;4;3609;1025;0;186;4634;0.7788088044885628;0.2211911955114372;1.7593871385412172;1.0;1;3;1;2932;307;370;0.63;0.07;0.08
False;JA4+JA4S+SNI;len(1)x2+len(2)x2+len(3)x2;0.25;3;4;2788;1846;0;341;4634;0.6016400517911092;0.3983599482088908;2.790677600345274;3.0;3;3;1;1455;874;459;0.31;0.19;0.1
True;JA4+JA4S+SNI;len(1)x2+len(2)x2+len(3)x2;0.25;3;4;3729;905;0;341;4634;0.8047043590850237;0.19529564091497625;1.7136383254208027;1.0;1;3;1;3093;362;274;0.67;0.08;0.06
